latitude,longitude,depth,mag
-39.4322,176.0322,47.62,4.4
-41.1651,173.5564,88.94,4.6
-39.3979,175.4863,84.18,4.9
-42.5977,173.4346,19.67,4
-38.2111,176.3834,171.18,4.3
-41.7552,174.3456,16.89,4.6
-40.3776,176.6523,33.25,4.1
-41.6165,174.5125,25.62,4.3
-40.4767,176.9218,10,4.6
-39.0612,175.9459,99.07,4.6
-37.8689,177.6709,10,4.7
-37.2466,179.0155,15.85,4.1
-37.492,177.3721,10,4.3
-41.8138,174.1135,17.22,4.1
-38.1227,176.5914,10,4.3
-35.8161,178.0083,210.59,4.3
-41.2913,-179.1457,10,4.1
-40.0107,174.4552,120.36,4.3
-40.4722,176.422,34.18,4.5
-39.5623,174.3195,206.98,4.5
-38.5055,175.9244,167.76,4.5
-41.5876,174.5456,10,4.2
-41.6952,174.1739,17.97,4.2
-42.3192,173.9413,17.92,4.5
-41.859,174.2397,12.55,4
-41.8193,174.242,17.05,4
-41.7971,174.2496,17.22,4.2
-37.8738,178.9339,29.73,4.6
-41.973,174.1557,10,4
-38.4319,175.8817,173.69,4.6
-42.3199,174.0413,12.89,4.1
-35.4087,178.1711,217.72,4
-41.2607,172.7489,115.09,4.4
-35.5014,178.5098,160.96,5.1
-37.4848,178.8282,42.76,4.9
-37.5855,177.4801,89.4,4.5
-37.0691,179.1446,10,4.2
-42.2559,173.7881,20.13,4.2
-37.2204,176.8995,261.31,4.3
-37.6718,176.3072,304.99,4.1
-42.3584,173.4763,10,4.4
-40.9578,175.5112,29.18,4.3
-37.2124,178.7706,42.49,4.7
-39.9577,176.3481,20.13,4.7
-35.4681,178.8932,35,4.1
-35.3888,179.0031,10,4.5
-35.4911,178.8217,9.07,4.9
-35.4235,178.8656,10,5.1
-39.0786,177.6829,39.56,4.7
-41.6013,174.3211,26.36,4.7
-40.3396,173.9708,134.56,4.7
-38.2138,176.0145,197.25,4.4
-39.9095,173.8287,228.37,4.3
-40.5663,175.2509,52.26,4.2
-42.1365,172.8255,75.72,4.5
-41.8784,174.0102,23.95,4.2
-36.1346,179.8001,10,4.3
-38.779,175.7845,148.9,4.2
-42.5841,173.7718,13.85,4.4
-35.9428,178.4263,10,4.5
-36.0535,177.8143,10,4.5
-41.4251,173.3866,88.24,4.3
-39.0343,174.7665,195.54,4.5
-40.0058,174.8498,90.42,4.6
-41.201,174.6254,33.75,4.3
-38.0023,177.9592,43.68,4.8
-35.2664,178.8094,187.71,4.8
-36.5756,177.5099,15.91,5.5
-38.8596,174.971,227.87,4.3
-41.5956,174.3186,18.99,4.3
-40.9854,176.7328,32.77,4.3
-41.2222,174.4551,38.64,4.5
-37.6204,177.3763,9.57,4.2
-39.3496,177.627,17.24,4.2
-39.907,175.1466,27,4
-37.597,177.2759,6.58,5
-37.4899,177.3428,10,5
-36.881,179.9549,10,4.2
-38.0611,179.6162,10,4.3
-42.4041,173.4131,10,5
-37.3412,178.8086,36.98,4.6
-35.8402,-179.8141,10,4.2
-39.0736,174.8498,227.04,4.6
-39.651,175.9309,77.21,4.6
-37.3168,176.5297,358.44,4.2
-41.7622,174.3831,17.98,4.2
-37.1559,178.7721,49.1,5
-37.4081,179.1886,27.84,4.5
-38.4536,178.6725,10,4.4
-38.393,178.628,28.72,4.7
-41.5079,174.341,22.55,4.6
-36.2513,179.4478,47.77,4.7
-40.6778,175.9237,35.49,4.5
-37.5284,179.1832,26.21,4.6
-35.4222,179.4885,67.33,4.2
-37.1309,179.155,9.73,4.2
-38.5708,175.7773,186.75,4.1
-40.3626,176.1116,41.91,4.4
-38.3508,176.088,147.25,4.1
-40.8847,172.4976,10,4.3
-37.4946,179.5933,10,4.4
-36.5269,177.3531,10,4.3
-38.6237,177.5724,70.48,4.3
-42.416,173.5111,18.23,4.4
-39.7889,175.142,10,4.1
-36.0566,178.7455,76.66,4.8
-41.7403,174.2367,15.44,4.3
-41.9236,174.0255,20.59,4.4
-41.1609,175.092,8.63,4
-40.287,173.7595,149.6,4.1
-37.7644,179.7031,10,4.3
-41.8411,174.352,20.15,4.1
-37.8525,176.2431,302.87,4.1
-36.4327,179.1356,118.84,4.4
-40.6655,175.8139,39.08,4
-42.2352,173.7514,18.06,4.3
-36.3331,177.9421,124.67,4.3
-37.3306,177.7657,73.6,4.3
-37.3958,179.11,60,4.8
-37.7306,177.7661,49.82,4.9
-41.4292,173.8893,49.92,4.2
-37.507,177.7768,149.47,4.6
-39.3253,177.2438,25.59,4.4
-35.4221,178.9369,227.12,4.4
-37.6881,176.4491,198.61,4.2
-41.6242,173.1277,12.17,4.1
-38.7058,177.9278,28.87,5
-38.5545,175.9387,177.98,4.1
-39.9176,176.8417,11.94,4.2
-41.4694,174.4792,21.52,4.2
-41.7141,175.4021,15.55,4.2
-39.1484,174.8761,227.61,4.2
-42.0211,173.9585,15.98,4.5
-41.7246,174.2366,13.86,4.7
-37.1968,178.8783,37.98,4.3
-42.1699,173.6949,15.28,4
-38.7973,175.7034,4.62,4.6
-40.0853,174.9935,28.24,4.3
-40.9645,174.8547,59.52,4.4
-37.7778,179.721,10,4.7
-41.7796,174.3181,16.41,4.1
-42.2944,173.8545,20.97,4.2
-39.0114,177.6232,19.4,4.2
-40.3074,176.4076,42.79,4.2
-37.835,177.5991,47.47,4.8
-42.156,172.8146,48.29,4.4
-42.4741,173.5847,26.64,4.2
-37.4428,177.7198,54.23,4.9
-37.5236,179.2126,21.03,5.1
-41.8236,174.1904,18.86,4.3
-39.4816,177.4404,18.24,4.5
-42.4692,173.9453,10,4.2
-36.8643,179.0253,9.45,4.4
-37.1369,177.75,198.78,4.3
-37.6405,179.0108,11.37,5.1
-38.1425,178.0517,69.28,4.4
-37.1157,178.8841,21.27,4.3
-41.6501,174.5898,43.19,4.5
-37.391,178.5548,38.79,5
-40.3223,174.434,94.55,4.2
-38.0332,177.7831,63.52,4.9
-42.3715,173.8741,22.32,4.9
-41.7309,174.5019,18.39,4.2
-36.8859,179.0865,4.65,4.2
-35.6153,179.5802,45.03,4.7
-41.6705,174.3078,16.11,4.4
-37.9523,177.7879,63.51,5
-42.2813,173.6266,15.67,4.1
-42.1163,173.0596,50.76,4.4
-41.6413,174.3018,17.5,4.2
-41.7393,174.2709,16.94,4.3
-38.4062,176.2327,190.08,4
-38.5799,175.9164,187.05,4.5
-42.033,173.7983,9.01,4.1
-42.4458,173.9407,6.66,4.5
-37.2955,179.061,10,4.5
-42.6652,173.4498,10,4.2
-37.8907,177.6819,53.2,4.9
-41.6848,174.3325,18.39,4.3
-41.8341,174.0614,17.04,5.4
-42.3209,173.6322,10.61,4
-40.7475,176.3231,27.44,4.1
-38.9294,177.5692,62.42,4.4
-42.4461,173.6237,24.13,4.4
-41.6205,174.4581,19.48,4.3
-36.6727,-179.2061,10,4.2
-41.6172,174.4661,18.95,4.4
-38.4861,176.0231,169.41,4.1
-41.6329,174.4604,25.37,4.4
-41.7011,174.5567,17.88,5.3
-42.4432,173.655,14.47,4.3
-42.4206,173.7919,16.59,4.4
-42.4808,173.8384,12.52,4.5
-41.6859,174.2676,20.09,4.5
-41.8201,174.3937,23.36,4.3
-38.3492,175.8746,169.6,4.6
-41.8005,174.1035,18.82,4.2
-37.2562,179.4104,27.92,4.3
-42.5104,173.9139,10,4.2
-42.2424,173.7307,17.75,4.1
-42.1606,173.6246,18.12,4.3
-37.943,176.3498,245.56,4.4
-42.39,173.86,24,4.2
-37.4927,179.9186,10,4.5
-41.8276,174.2328,22.86,4.4
-40.6771,175.5565,41.4,4.2
-37.0369,179.2615,10,4
-36.9794,179.1145,10,4.8
-37.2207,179.7108,30.54,4.4
-42.1483,173.6396,10.125,4.1
-42.475,173.5309,16.81,4.4
-42.3257,173.806,18.28,4.3
-41.7858,174.2629,15.16,4.4
-42.0135,173.9575,21.22,4.1
-42.0085,173.761,22.28,4.3
-42.1798,173.736,17.42,4.2
-41.7098,174.2006,17.52,5.3
-38.8379,177.5437,15.51,4.6
-41.7626,174.3191,18.56,4.1
-36.8748,177.9065,100.06,4.2
-42.3562,173.9291,12.03,4.1
-41.7688,174.4129,14.83,4
-42.2946,173.8456,18.62,4.3
-42.1404,173.8476,14.04,4.2
-41.8023,174.2767,10,4.8
-40.9012,174.6584,54.46,4.3
-37.0048,178.9921,10,5.1
-38.8829,177.6232,18.55,5
-41.5012,174.4968,27.51,4.2
-42.4286,173.6415,13.83,4.3
-42.2459,173.6255,19.4,4.1
-41.7574,174.2852,17.59,4.2
-41.7251,174.2675,19.18,4.4
-37.0704,177.0198,203.65,5.1
-41.6293,174.4778,21.57,4.4
-41.7814,174.1591,13.07,4.5
-42.2374,173.5665,10.88,4.4
-40.602,177.0387,9.08,5.9
-40.5077,177.1053,23.58,4.3
-42.5841,174.0781,21.82,4.1
-37.6572,176.3489,190,4.7
-42.1922,173.6771,21.8,4.7
-42.5507,173.2454,10,4.2
-41.7946,174.1964,13.04,3.9
-42.5282,173.7483,1.58,4.2
-41.9554,174.0568,18.07,4.2
-41.7517,174.3276,21.28,4
-41.7272,174.2947,16.76,4.6
-42.2591,173.8837,15.88,4.4
-42.512,173.2078,14.63,4.2
-41.7053,174.334,15.54,4.2
-42.5226,173.3451,22.17,4.4
-41.7995,174.2777,16.36,4.2
-41.8257,174.3248,9.23,4.2
-42.5662,173.508,15.89,4.7
-41.6503,174.3609,18.13,4
-41.7525,174.348,16.09,4.3
-42.5668,173.8636,19.59,4.1
-41.8018,174.2772,18.5,4.2
-42.5767,173.1084,10,4.3
-42.591,173.2622,6.85,5.3
-42.4452,173.5671,16.05,4.3
-42.444,173.9426,10,4.5
-41.9917,173.6062,19.61,4
-41.7619,174.4308,11.24,4.2
-41.7684,174.112,15.88,4.1
-41.7751,174.1694,17.51,3.7
-41.662,174.3473,17.19,4.1
-41.9299,174.0607,18.74,4
-41.6643,174.2721,17.55,4.2
-42.3182,174.0042,12.09,4.7
-41.7461,174.0881,19.17,4.1
-41.7527,174.2913,17.72,4.3
-42.0581,173.8076,12.62,4.3
-42.3534,174.0217,15.96,4.2
-41.7648,174.3383,10,4.2
-41.855,174.0691,19.37,4.2
-42.3312,173.7879,22.26,4.2
-39.5839,174.7442,122.59,4
-41.8398,174.4626,10,4.4
-41.8134,174.3361,16.57,4.3
-42.3416,173.8727,16.43,4.5
-41.7317,174.1706,17.47,4.6
-42.6189,173.3347,10,4
-41.9689,174.0678,10,4.4
-42.5321,173.4737,12.6,4.6
-42.6185,173.3655,23.08,4.2
-41.4707,175.8749,26.75,4.6
-42.5894,173.2839,10,4
-42.3387,173.9989,10,4
-42.6806,173.3686,5.13,4.3
-41.8624,174.5069,16.47,4.6
-41.7058,174.3129,10,4.3
-41.8464,174.0504,17.6,4.3
-41.7231,174.4148,13.2,4.9
-41.7121,174.3468,21.05,4.4
-42.6313,173.6084,10.12,4.3
-42.5715,173.6288,7.37,4.5
-42.2957,174.093,16.18,4.1
-42.3737,174.1339,7.35,3.7
-42.4721,173.8274,11.08,3.7
-41.7836,174.348,16.47,4.5
-42.4098,173.8732,9.49,4.3
-41.8027,174.308,22.14,4
-41.7455,174.2229,18.53,4
-42.5529,173.3933,20.49,4.2
-42.3516,174.0009,10,4.1
-42.091,173.8123,20.46,4.2
-42.3652,173.9024,13.23,4.6
-41.7786,174.2755,7.72,4.2
-42.356,173.9445,10,5.3
-42.5372,173.148,15.41,4.5
-41.7824,174.2944,13.98,4.5
-42.2945,174.0197,11.38,4
-42.3535,173.7452,10,5.1
-42.5724,173.9657,10,4.8
-41.8847,174.2269,10,4.5
-41.707,174.2396,10,4.3
-41.727,174.2445,16.23,4.8
-41.7875,174.3064,10,5.5
-42.5144,174.0174,10,4.4
-42.2255,173.6051,15.71,4
-42.4819,174.2171,6.24,4.4
-42.4215,173.9547,16.38,4.4
-41.7777,174.523,7.78,4.2
-42.4951,173.0444,10,4.4
-42.1607,174.0514,10,4.4
-42.3505,173.9599,13.93,4.9
-41.8557,174.2482,10,4.4
-42.4212,173.9837,11.29,3.8
-42.0271,173.9892,17.62,4.3
-42.5209,173.6229,10,4.5
-41.8033,174.2998,15.06,3.8
-41.8473,174.3842,10,4.4
-41.7472,174.2349,17.05,4
-42.3329,173.467,17.91,4.4
-42.5066,173.0731,10,4.7
-41.7545,174.1687,10,4.5
-42.4566,173.4795,22.92,4.1
-41.7998,174.3097,15.8,4.2
-42.049,174.0987,5.76,4.3
-42.1935,174.3144,10,4.4
-41.6161,174.433,20.81,4.3
-41.7118,174.2611,15.53,4.8
-42.3771,173.6234,16.54,4.5
-42.4133,174.0771,10,4.5
-41.8699,174.298,24.28,4.4
-41.7536,174.2821,22.02,4.8
-41.7254,174.2381,14.6,4.7
-41.6542,174.1463,10.78,4.1
-42.6187,173.3125,10,4.8
-42.4464,173.7736,10,4.7
-42.4513,172.9872,10,4.1
-41.7041,174.2092,15.73,4.1
-41.7598,174.2992,17.21,5.5
-42.0488,173.7579,22.9,4.2
-41.772,174.2797,17.08,4.5
-42.3322,173.9026,12,5.7
-41.8181,174.2796,18.47,5.2
-41.8054,174.2716,10,4.4
-41.8428,173.4631,13.33,4.4
-41.7711,174.3895,10,4.1
-42.4206,173.4348,10.27,4.2
-42.3763,173.6166,18.36,4.8
-42.4758,173.7672,10,4
-42.1897,173.6424,18.94,4.6
-42.3879,173.8556,13.01,4.5
-41.8996,174.1242,12.71,4.1
-41.7429,174.3302,18.16,4.6
-42.4508,173.573,8.047,3.8
-42.4744,173.278,11.484,3.9
-41.9448,173.9374,8.607,3.8
-42.6018,173.1953,10.803,4.2
-42.4216,173.8151,12.26,5.2
-42.0756,173.9931,10,5.3
-42.2975,173.9353,19.3,4.1
-42.3517,173.9861,10,4.6
-42.6058,173.2543,9,6.5
-41.7153,174.3286,14.81,4.3
-41.7916,174.4733,10,4.9
-42.083,173.813,9.47,4.8
-42.3611,173.6065,17.37,4.7
-42.3526,173.0734,10,5.1
-42.3445,173.8231,10,4.2
-42.0501,174.481,10,4.1
-42.4141,173.9758,10,4.4
-42.2163,173.669,10,4.8
-42.3681,173.8784,10,4.5
-42.1103,173.6786,10,4.5
-41.7781,174.2998,10,4.7
-42.3743,173.9374,10,5.7
-41.8382,174.4654,11.28,4.5
-41.9571,174.5037,10,4.6
-42.0487,174.2414,10,4.8
-42.3868,173.9531,10,5.2
-42.0236,174.0071,10,4.8
-41.9103,174.1956,10,4.9
-42.0176,174.1419,10,4.2
-41.949,174.3048,10,4.3
-42.6114,173.2869,10,4.6
-42.3029,173.9746,10,4.7
-42.2721,173.4494,10,4.7
-42.3837,174.2431,10,4.2
-42.5775,173.825,10,5.2
-42.2889,173.5971,13.25,4.5
-41.7529,174.2511,13.89,4.6
-42.0047,174.0445,14.08,4.6
-41.9792,174.0158,15.35,4.1
-41.7034,174.2331,18.44,4.4
-42.3089,174.1642,10,4.4
-41.946,174.0278,17.53,4.4
-41.7069,174.2297,16.64,4.4
-42.4971,173.3291,18.31,4.4
-42.4186,173.8029,25.88,4.4
-41.9562,173.7211,10,5
-41.7447,174.2244,13.33,3.9
-41.9167,174.4034,9.19,4
-37.0908,178.8618,26.05,5.1
-41.7139,174.2669,14.61,4.5
-42.3102,173.8233,10,4.1
-41.8579,174.2904,12.08,5.1
-41.9595,174.264,10,4.4
-41.8656,174.2008,10,4.4
-41.7375,174.3557,10,4.3
-42.2895,173.6384,10,4.1
-41.8858,173.8933,12.55,4.2
-41.6996,174.2631,10,4.8
-42.333,174.0055,11.67,4.9
-41.9601,174.3011,6.8,4.5
-42.6497,174.1399,10,4.1
-41.7383,174.288,21.13,4.2
-42.0905,173.8866,16.03,4.3
-42.2558,173.7111,4.14,4.3
-41.7219,174.2189,12,4.3
-42.3566,173.3166,10,4.3
-41.8445,174.2371,10.04,4.5
-41.903,174.1038,20.8,4.2
-41.771,174.2011,5.87,4.9
-35.677,178.563,10,4.2
-42.4868,173.3307,9.09,4.2
-41.9823,173.9062,21.76,4.6
-41.8294,174.1575,9.56,4.9
-41.78,174.3672,11.07,5.2
-42.0731,173.8082,19.77,4.6
-42.335,173.6935,19.6,4.1
-42.6237,173.7892,10,4.5
-42.3093,173.6961,2.09,6.2
-42.2076,173.6032,14.18,4.3
-41.6871,174.2898,10,4.4
-41.6938,174.2267,19.64,4.6
-41.789,174.3155,14.73,4.7
-41.8095,174.2184,10,5.3
-42.3804,173.911,17.67,4.8
-41.8693,174.0366,20.18,4.9
-41.6612,174.1628,10.04,4.1
-41.9462,174.1619,10,4.5
-41.7298,174.0892,10,4.4
-41.7893,174.2408,8.91,4.6
-42.4801,172.9259,10,4.7
-42.1944,173.7986,10,4.9
-42.2331,173.6385,6.02,4.7
-41.7588,174.2554,14.67,4.6
-41.7893,174.0972,8.65,4.9
-42.445,173.2099,7.25,4.3
-42.2916,173.2946,11.24,5.1
-42.4841,173.4009,2.5,4.7
-41.7366,174.2555,15.36,5.2
-42.394,173.3656,10,5.2
-41.4347,173.9698,20.67,5.1
-42.3547,173.2242,10,4.6
-42.7818,174.2679,4.94,4.7
-41.8775,174.1817,10,4.4
-42.396,173.7575,7.52,5.2
-41.8123,174.2692,12.66,5.2
-42.2733,173.4999,12.33,4.9
-42.3399,174.1228,5.19,4.6
-42.4402,173.6538,10,4.9
-41.7797,174.2325,10,4.9
-41.8402,174.217,10,4.7
-42.4131,173.1105,11.16,4.5
-42.5446,173.5947,10,4.8
-41.687,174.506,17.22,5
-42.1762,173.6227,13.99,6.1
-41.6189,174.2463,18.56,4.6
-42.0068,173.7915,6.35,4.3
-41.6877,174.2061,14.59,5.7
-42.0511,174.3037,10.06,5.8
-42.3205,173.6694,10,6.5
-41.9404,173.7089,18.04,5.3
-42.6024,174.3383,10,4.5
-42.2132,173.4319,10,5.5
-42.4063,173.6606,9.91,5.7
-39.37,173.79,19,4.8
-37.3012,178.8168,27.41,4.1
-37.5491,179.1741,10,4.4
-37.3779,179.3286,10,4.2
-37.6543,179.296,10,4.7
-37.3968,179.0752,10,4.5
-37.412,176.9526,187.02,4.7
-37.3438,179.2271,10,4.5
-37.108,178.9194,10,4.3
-37.1778,179.043,13.39,4.5
-35.1326,178.7334,155.36,4.5
-37.1422,179.6532,10,4.3
-40.2088,174.4489,80.15,4.3
-37.4369,179.0873,10,4.8
-36.1987,-179.3959,10,4.7
-37.7158,178.6361,39.4,4.2
-37.3429,177.9025,10,4.8
-37.2314,179.1021,16.59,4.4
-37.1888,178.8866,18.78,4.2
-37.2288,179.1859,10,4.3
-37.2495,179.0868,10,4.2
-37.1909,178.9755,18.99,4
-36.9974,178.8907,10,4.7
-37.1241,178.64,35,5.8
-37.1172,178.9403,10,4.7
-37.2561,179.6388,10,4.4
-37.3812,179.743,10,4.8
-37.2006,179.3414,10,4.7
-37.1047,179.2393,11.12,4.3
-37.2085,179.1264,10,4.3
-41.0509,174.6077,49.57,4.1
-37.5474,179.5707,10,4.7
-37.4079,179.0251,29.1,4.4
-37.8954,178.6761,10,4.2
-37.6699,178.9662,10,4.9
-37.8456,177.6513,49.43,4.5
-37.4765,179.306,10,4.4
-37.1167,179.2471,5.99,4.4
-37.3749,179.4018,10,4.5
-37.1284,179.5266,10,4.3
-37.371,179.2399,17.57,4.4
-37.5178,179.8712,10,4.3
-36.9505,178.7339,10,4.6
-36.9893,178.994,10,4.8
-37.2068,178.6746,10,4.3
-36.8601,178.9132,10,4.2
-37.2575,179.1458,8.26,4.9
-37.3138,178.9458,10,4.3
-37.4945,179.2102,18.91,5.2
-37.3271,179.1604,10,4.7
-37.2656,179.614,10,4.2
-37.3704,179.4803,10,4.3
-37.5468,179.351,10,4.7
-37.3345,179.2755,10,4.2
-37.4353,178.9101,15.3,4.4
-37.4042,179.1806,10,4.2
-36.9933,179.1554,8.39,4.3
-40.4559,173.9483,98.34,4.7
-39.6471,176.309,39.57,4.4
-37.0417,179.2553,10,4.6
-37.1533,179.3372,10,4.3
-37.0876,179.1544,11.24,4.4
-36.8914,179.0838,10,4.2
-38.9338,175.7713,105.52,4.5
-37.3002,179.2385,17.55,4.9
-37.0038,178.8184,23.15,4.9
-37.0957,179.0468,10,4.7
-37.1622,179.7094,10,4.8
-37.0903,178.8832,10,4.8
-37.1352,179.522,22.15,4.2
-37.1442,179.2314,3.58,4.6
-37.2257,179.4694,10,4.4
-37.1905,179.2206,12.09,5
-36.9174,178.9865,10,4.5
-37.3116,179.7963,10,4.5
-37.0724,179.3408,10,4.3
-36.9617,178.9944,10,5.3
-37.1332,178.9781,16.16,4.6
-37.127,178.6986,27,5.9
-36.9956,179.4817,10,4.4
-36.9275,179.2724,10,4.5
-37.6146,179.3732,10,4
-37.1899,179.8106,10,4.2
-37.3287,178.9698,10,5
-37.1708,179.5988,10,4.5
-37.2588,179.2983,10,4.4
-37.3589,179.2361,10,4.3
-37.1763,179.3808,10,5.1
-36.9852,178.8963,10,4.3
-37.0588,178.8995,10,4.5
-37.5428,179.1906,10,4.2
-37.3053,179.4101,10,4.1
-36.9806,179.0864,10,4.7
-37.0508,179.1052,17.74,4.8
-37.1378,179.3136,10,4.5
-37.6625,179.2592,10,4.3
-37.2493,179.035,10,5
-37.5681,178.7022,25.66,4.6
-37.288,178.8746,10,4.7
-37.5018,179.1795,10,4.4
-37.4991,179.2088,10,4.3
-37.2056,178.8981,18.36,5.3
-37.6141,179.3235,10,4.4
-37.6264,179.2485,10,4.4
-37.5009,178.7271,21.95,5.3
-37.4197,179.1295,10,4.7
-37.4147,179.4104,22.19,4.4
-37.1063,179.2736,10,4.6
-37.182,179.3199,10,4.7
-37.1249,179.4072,10,4.5
-36.9505,179.2492,10,4.5
-37.5508,179.4837,10,4.4
-37.4636,179.2792,10,4.6
-37.0919,178.9447,10,4.8
-37.1779,179.4053,23.57,4.2
-37.5915,179.0977,17.45,4.5
-37.1312,179.3207,10,4.6
-37.3832,179.6786,10,4.5
-37.3392,179.4192,10,4.8
-37.2625,179.0688,10,4.4
-37.2427,179.5426,10,4.8
-37.3491,179.2504,10,4.3
-37.0115,179.0527,10,4
-37.1014,179.5335,10,4.2
-36.9562,179.0875,10,4.3
-37.0943,179.438,10,4.5
-37.2951,179.1073,10,4.3
-37.0333,-179.9935,10,4.3
-37.2127,179.0788,10,4.6
-37.4984,178.9012,10,4.2
-36.979,179.1024,10,4.7
-37.4128,179.4581,10,4.3
-37.1727,179.7147,10,4.4
-37.2622,179.1001,10,5.2
-37.1706,179.1275,10,4.5
-37.0445,179.2095,12.35,4.3
-37.5089,179.018,23.99,4.7
-37.5487,179.268,10,4.9
-37.2438,179.5022,10,4.3
-37.3239,179.4854,10,4.6
-37.2781,179.1755,10,4.5
-36.974,179.0802,10,4.3
-37.4798,179.2873,10,4.2
-37.0405,179.4594,10,4.4
-37.3656,179.6514,10,4.3
-37.1383,179.6435,10,4.2
-37.3961,179.4954,10,4.4
-37.2948,179.494,10,4.4
-37.5064,179.3448,10.89,4.6
-37.2506,179.4281,8.27,4.5
-37.4195,179.2182,15.21,4.4
-37.1514,-179.9966,10,4.4
-37.0763,179.6344,10,4.4
-37.308,179.1541,10,4.2
-37.2706,179.2344,10,4.4
-37.1214,179.2087,10,4.2
-36.9244,179.0781,10,4.4
-37.2759,179.5275,10,4.7
-37.1814,179.3929,10,4.4
-37.3176,178.7148,10,5.5
-37.0756,179.4768,10,4.9
-36.8633,179.5869,10,4.4
-37.516,179.3168,10,5
-37.0708,179.5918,10,4.6
-37.1591,179.202,10,4.9
-37.0228,179.2624,10,4.9
-37.198,179.2208,10,4.5
-37.1556,179.1066,10,5.2
-37.2309,178.6028,10.47,5.5
-37.2003,-179.9472,10,4.5
-36.9916,179.2793,10,4.2
-37.2643,179.3847,10,4.6
-36.9839,178.8584,10,4.9
-36.9121,179.2627,10,4.5
-36.9904,179.0773,10,5.3
-37.1567,179.5029,10,4.3
-37.2295,179.3332,20.07,4.5
-37.2839,179.2299,10,4.6
-37.1886,179.9157,10,4.1
-37.5097,179.2561,10,4.5
-37.0521,179.2945,10,4.5
-37.0869,179.6288,10,4.3
-37.3108,179.4684,10,4.3
-36.6348,178.899,10,4.3
-37.5245,179.4475,10,4.9
-37.5527,179.2357,10,4.2
-37.1827,178.9375,10,4.3
-37.2745,179.3766,10,4.5
-37.1028,178.8627,10,4.8
-37.0274,179.0179,8.88,5.5
-37.1948,179.401,10,4.5
-36.7445,179.7684,10,4.9
-37.3022,-179.3494,10,4.9
-36.9165,178.8924,10,4.5
-37.2602,179.8671,10,5
-37.1788,178.968,10,4.9
-37.0522,178.9291,13.73,6.1
-37.3154,179.6523,10,4.7
-37.2316,179.6504,10,5.3
-37.3179,179.1856,10,4.7
-37.0174,178.8907,10,5.7
-37.253,179.3296,10,4.9
-37.2667,178.4849,10,4.5
-36.9003,179.1757,10,4.9
-37.406,179.4949,10,5
-37.0087,179.0502,10,5.3
-37.2013,179.1467,10,5.3
-37.1799,179.054,10,5.4
-36.9063,179.1655,10,5.4
-37.2263,179.093,16.81,5.5
-37.4395,179.4941,10.39,5.5
-37.0665,178.8958,10,5.4
-37.3586,179.1461,19,7
-36.9047,178.9103,10,4.3
-37.132,178.9278,15.41,5.8
-38.5831,179.5652,10,4.6
-38.68,175.82,103,4.4
-40.4425,174.4962,59.22,4.4
-40.3063,176.9763,30.23,4.2
-35.4013,178.4221,211.39,4.1
-38.6379,176.7938,46.82,4.5
-41.711,173.9804,15.09,4.1
-41.6296,174.4789,21.8,4.5
-41.41,174.97,23,4.6
-35.5723,179.7825,44.81,4.2
-35.9892,179.9224,35.46,4.5
-37.2658,178.0516,54.76,4.6
-35.4219,179.6532,74.15,4.4
-39.5766,176.943,8.17,4.4
-40.9512,175.5683,29.5,4.8
-40.9447,175.4875,27.46,4.4
-38.6363,176.5955,112.76,4.9
-35.6237,178.0989,273.89,4.3
-37.166,177.4452,82.86,4.6
-39.32,175.75,70,4.4
-37.0593,179.3997,31.98,4.3
-37.3383,177.3698,151.07,5.1
-40.2999,176.3748,31.06,4.4
-37.6392,177.7779,113.35,4.2
-38.8319,176.3535,86.17,4.3
-39.3702,174.7621,174.67,4.4
-40.9302,175.5126,30.7,4.8
-37.7835,177.3026,137,4.8
-35.7905,179.5128,72.03,4.2
-40.6805,174.4334,72.62,4.3
-42.3103,173.0832,22.12,4.3
-42.3747,173.1372,3.19,4.4
-36.7446,179.8013,10,4
-41.6372,174.4826,21.64,4.3
-37.4318,177.3482,10,4.3
-38.3708,178.0931,36.52,4.2
-40.1356,174.7909,14.21,4.3
-40.5872,177.0196,19.69,4.5
-36.8804,177.3917,199.61,4.4
-41.9151,174.2117,9.14,4.7
-42.1199,173.0747,53.72,5.2
-37.8368,179.8292,10,4.7
-35.5299,178.6307,24.74,4.5
-36.8552,177.0126,293.99,4.5
-38.5982,175.36,289,4.2
-41.3959,174.3982,49.56,4.1
-40.2316,174.8863,55.91,4.4
-39.7833,174.7162,155.91,4.1
-38.1799,176.356,153.99,4.5
-38.316,177.4696,98.09,4.7
-40.6942,176.553,17.57,4.6
-40.5641,173.4219,142.4,4.6
-40.613,176.0554,36.37,4.8
-35.4247,178.4624,215.9,4.9
-39.2921,177.4701,26.44,4.5
-41.51,172.34,6,4.3
-42.7747,174.1795,18.3,4.2
-40.5494,174.2598,59.24,4.8
-35.5757,179.8291,57.02,4.7
-36.7697,179.4637,10,4.1
-38.9789,176.2182,90.96,4.5
-40.5457,176.2719,23.33,4
-39.4005,175.9498,55.35,5.3
-35.463,179.5027,64.33,4.3
-35.6415,179.8062,16.23,4.2
-36.932,177.4202,172.6,4.2
-38.4538,178.2557,10.76,4.8
-41.2119,175.0954,13.28,4.6
-40.5539,176.3255,22.1,4.3
-40.5837,176.2884,22,5.6
-40.7359,174.4711,82.08,4.2
-38.2664,176.1333,181.22,5
-37.6129,179.6296,10,4.2
-35.5642,178.1778,10,4.5
-40.3041,176.3972,45.41,4.6
-37.1485,179.8412,27.7,4.4
-41.265,174.3383,25.9,4.3
-40.8041,175.9707,35,4.1
-37.4779,179.8237,10,4.3
-38.1751,176.4838,168.79,4.3
-35.574,179.8182,35,4.3
-35.9674,178.0814,192.83,4.5
-36.8514,176.9727,247.71,4.3
-41.2047,173.4763,71.8,4.7
-37.4985,179.7331,10,4.3
-37.7408,179.1494,13.61,4.4
-40.5,175.04,5,4.3
-37.352,177.8708,58.2,4.5
-35.7361,179.9281,5.08,4.3
-37.0133,177.6051,10,4.4
-40.4643,176.516,54.21,4.4
-38.1384,176.3441,150.25,4.2
-35.6442,178.2489,180.16,4.2
-40.6545,175.9099,29.86,4.3
-40.0592,176.7101,41.1,4
-37.4074,178.3569,17.96,4.6
-37.9887,176.569,135.85,4.2
-34.7275,178.4439,213.44,4.2
-42.1564,173.0823,47.98,4.4
-39.7533,174.8964,97.51,4.2
-41.7029,174.0799,9.79,4.2
-41.3085,172.7713,144.76,4.1
-41.3374,173.7528,69.21,4.4
-37.87,176.38,172,4.7
-37.2582,177.8677,117.12,4.2
-42.1779,173.1051,68.89,4.2
-42.0602,173.0066,48,6.1
-41.6929,174.2878,20,4.7
-41.7253,174.3149,21.79,4.2
-38.0707,178.7636,10,4.5
-38.0574,178.6613,13.33,4.4
-37.6272,179.6506,53.45,4.1
-36.1942,178.1115,219.7,4.3
-37.9529,179.9577,10,4.4
-40.46,174.46,34,4.3
-37.8967,-179.8151,14.95,4.6
-38.7607,175.0753,251.97,4.3
-36.6787,177.1409,12,4.6
-37.4063,177.5022,15.65,4.4
-36.4685,177.4756,14.67,4.3
-36.583,177.275,12,5.1
-41.9441,173.3877,13.57,4.2
-37.6183,-179.6854,24.16,4.6
-36.5148,177.267,24.92,5.2
-37.9277,-179.9681,10,4.5
-37.6518,179.6469,33.23,5.2
-40.5305,173.3321,186.58,4.4
-38.39,178.03,29,4
-38.8212,177.9955,4.92,4.3
-37.6297,-179.9807,35,4.2
-38.7845,176.0855,122.4,4.3
-40.2876,173.7797,150.54,4
-37.7832,-179.7943,43.98,4.3
-38.7271,176.1609,155.33,4.1
-41.108,174.3959,76.2,4.5
-40.5309,176.3026,40.71,4.8
-37.4968,176.4969,230.68,4.2
-38.0584,178.9948,10,4.4
-37.7553,179.7991,10,4.7
-38.3685,178.0517,34.62,5.1
-38.0291,179.7428,10,4.2
-38.84,175.93,105,4.5
-40.7443,175.9749,50.05,4.7
-38,177.76,77,4.8
-37.6995,179.8633,18.07,4.2
-37.7298,179.374,51.86,4.5
-37.3334,178.2775,68.22,4.8
-37.7862,179.5017,35,4.5
-37.7193,179.7686,42.89,4.4
-37.8462,-179.956,35,4.1
-37.8419,179.9923,33,4.3
-37.6298,178.9412,35,4.1
-37.7033,179.5417,49.52,4.1
-37.7313,179.5457,34.66,4.2
-37.9003,179.7344,25.36,4.9
-37.735,179.996,33,4.4
-36.68,177.14,24,4.4
-37.6725,179.9759,35,4.5
-37.83,-179.9001,35,4.3
-37.9921,-179.8832,23.75,4.2
-37.6885,179.6773,35,4.9
-37.7332,-179.96,42,4.2
-37.754,-179.827,29.843,4.6
-37.6987,179.2185,35,4.5
-37.4377,179.5952,10,4.5
-37.5211,179.5608,10,4.1
-37.6844,179.5354,27.61,4.4
-37.7527,-179.9206,33.055,4.3
-37.6215,-179.9335,10,4.3
-35.9439,179.6295,38.15,4.2
-38.0181,179.3483,10,4.6
-37.6478,179.6621,22,6.7
-35.9557,179.5114,36.6,4.1
-36.1766,179.7837,51.09,4.8
-37.76,175.71,6,3.9
-37.0479,176.7023,294.06,4.4
-35.9205,178.626,10,4.3
-40.6647,175.8421,23.574,4.4
-36.99,177.04,275,4.2
-36.424,-179.6958,59.17,4.1
-35.9803,178.9915,91.94,4.3
-40.3661,176.7687,8.809,3.9
-40.4242,176.8101,12.005,4.4
-38.5632,176.4434,123.16,5.1
-37.94,179.97,33,4.3
-39.0302,178.2726,16.55,4.3
-40.4332,178.6348,33,4.2
-40.5096,175.9376,29.79,5.2
-35.9505,178.3747,10,5.1
-36.0766,178.0643,10,5.3
-35.96,178.19,5,4.3
-40.46,174.63,94,4.2
-38.53,175.8,194,4.5
-37.4054,178.0096,136.68,4
-38.9456,175.079,225.86,4.5
-42.335,173.9098,25.391,4.2
-35.9094,179.5703,249.6,4.1
-37.69,176.22,289,4.2
-40.6875,177.1745,43.34,4.3
-41.19,172.66,196,3.8
-37.2664,176.7361,225.547,4.1
-41.02,174.12,59,4.3
-37.67,-179.92,33,4.5
-37.53,178.79,33,4
-40.2454,174.8835,70.38,4.6
-37.5168,177.5315,103.17,4.3
-40.744,175.83,32,4.4
-41.92,174.49,38,4.4
-37.6493,176.2868,314.63,4.2
-37.742,176.871,161.8,4.4
-37.74,176.86,163,4.6
-36.2379,178.0188,246.406,4
-35.1536,178.4774,33,4.5
-36.88,177,12,4.4
-39.46,175.26,106,4.9
-37.53,176.41,229,4.4
-40.31,176.59,17,4.5
-38.454,176.7953,59.49,4.1
-40.598,175.927,32.129,4.5
-40.6849,174.108,91.602,4.4
-37.9776,176.2533,202.11,4.1
-36.8167,177.6362,189,4.3
-40.793,174.72,42.3,4.4
-37.11,176.65,352,4.4
-39.9692,176.5385,13.496,4.6
-39.8815,176.3825,10,4.4
-39.9703,176.5519,17.305,5.1
-40.3843,174.6537,96.758,4.5
-38.0548,175.8311,311.61,3.7
-37.4077,177.1271,152.54,4.5
-40.6431,175.8569,29.316,4.3
-35.608,179.764,33,4.1
-38.211,178.548,12,4
-42.3694,173.099,12.038,4.3
-35.4737,179.3132,134.27,4.7
-40.647,175.8481,28.5,4.2
-39.706,173.3371,12.198,4.4
-40.6442,175.8469,30.194,4.1
-40.8307,176.4965,35,4.6
-40.6072,175.8704,36.582,4.5
-40.6712,175.8223,28.379,4.6
-40.684,175.9095,43.21,4.5
-40.6052,175.8866,34.941,4.1
-40.666,175.836,23.2,4.2
-40.6567,175.8195,22.227,4.2
-40.692,175.82,21.1,4
-40.6595,175.8144,28,6.1
-39.9968,175.0675,72.969,4.5
-41.6884,174.0293,20.76,4.1
-41.4446,174.4608,23.22,4
-36.8328,177.2126,252.4,4.3
-41.063,175.317,18.9,4.2
-37.4564,-179.3408,39.83,4.1
-37.4938,177.8739,111.45,4.5
-41.6954,174.0251,21.1,4.7
-36.7893,179.4871,77.53,4
-40.125,176.9599,53.633,3.9
-41.4189,173.0442,100.391,4.1
-37.4374,176.555,211.484,4.6
-36.4653,179.0478,109.06,4.4
-36.532,178.572,79.53,4.3
-38.437,175.89,205.74,4.1
-38.1258,175.9625,231.641,4.1
-40.498,176.9963,18.71,4.3
-41.587,174.3819,16.25,4.1
-41.6189,174.4581,20.19,4.5
-37.6106,177.3186,7.9,4.6
-39.104,176.067,74.3,4
-41.7325,174.1586,21.992,3.9
-41.6427,174.3125,25.508,4.1
-38.423,176.092,199.8,4
-41.7725,174.1572,20.82,4
-41.5686,174.3989,15.664,4.2
-41.8325,173.8711,18.711,4.3
-41.5003,174.4235,16.074,4.8
-41.85,174.13,5,3.9
-35.4762,178.3876,259.07,4.6
-42.246,172.836,57.148,4.5
-41.7346,174.2224,8.691,3.8
-41.7666,174.0507,13.74,4.2
-41.762,174.148,7.9,4.2
-41.761,174.087,14.434,4.1
-41.7687,174.1249,18.85,4.6
-41.7228,174.1121,14.492,4.2
-41.7699,174.0486,19.589,5.2
-41.7378,174.1331,14.785,4
-41.7887,173.9986,15.898,4
-41.8557,174.0191,11.07,4.4
-41.7139,174.2912,21.523,4.4
-41.779,173.992,19.7,4.8
-41.74,173.924,6.8,4
-41.739,174.139,11.7,4.1
-41.743,174.1392,11.856,4.1
-41.6493,174.2528,20.117,4.2
-41.6018,174.2815,11.914,4
-41.6769,174.3134,16.85,4.6
-41.7094,174.1036,10,4.2
-41.7379,174.1145,21.758,4.7
-41.8862,173.8675,21.406,4.3
-41.8786,174.2342,26.563,4.4
-41.6771,174.2889,19.648,5
-41.6987,174.1436,18.477,4.4
-41.6913,174.2889,20.117,4.5
-37.0714,176.7109,315.313,4.1
-41.7498,174.1359,16.016,4
-41.6708,174.2586,17.46,5
-41.687,174.3137,5.117,4.8
-41.6863,174.14,5.059,3.9
-41.6688,174.2623,14.258,5.9
-41.7757,174.0165,18.59,4.3
-41.7388,174.0896,21.055,4.6
-41.7097,174.2791,9.89,4
-41.6155,174.0095,5.11,4.2
-41.671,174.108,19.4,4.2
-41.647,174.257,5.1,4.4
-41.67,174.23,16.8,4.1
-41.695,174.174,19.4,5.1
-41.723,174.146,16.5,4.3
-41.617,174.367,16.6,4.5
-41.776,174.058,17.3,5.1
-41.747,174.081,5.1,4.6
-41.626,174.327,33.6,4.2
-41.742,174.05,8.5,5.9
-41.723,174.184,5.3,4.5
-41.598,174.266,8.5,4.9
-41.728,174.081,5.1,4.4
-41.604,174.315,5.1,4.5
-41.764,174.117,5.8,5.5
-41.5,174.33,8.1,4.1
-41.706,174.117,9,5.4
-41.734,174.152,8.2,6.5
-41.71,174.152,9.16,4.3
-41.587,174.3685,15.254,4
-41.6996,174.0979,10.918,4
-36.9894,178.7355,13.807,4
-41.5531,174.3927,17.129,4
-41.7303,174.3243,6.17,4.7
-41.5571,174.386,15.25,3.9
-41.552,174.393,17.6,4.2
-41.557,174.388,15.6,4.7
-41.781,174.334,16.6,4.7
-36.89,179.04,14,4.1
-38.829,175.936,107.5,4
-37.323,177.328,154.8,5
-41.539,174.39,16.3,4.5
-41.695,174.296,11.7,4.9
-41.698,174.199,10.7,4.2
-41.68,174.261,14.4,4.2
-41.739,174.156,5.1,4.2
-41.694,174.228,11.9,4.1
-41.721,174.395,5.1,4.5
-41.684,174.228,11.4,4.4
-41.645,174.223,8,4
-41.666,174.196,14,4.2
-41.603,174.269,10,4.6
-41.666,174.254,13.4,4.5
-41.596,174.295,16.5,4.1
-41.622,174.235,5.1,4.3
-41.653,174.215,14.7,4.6
-41.561,174.326,14.4,4.6
-41.673,174.233,14,4.7
-41.602,174.255,15.7,5
-41.583,174.314,16.2,4.2
-41.556,174.358,12,4.2
-41.64,174.35,14,3.6
-41.72,174.35,5,3.5
-41.46,174.29,10,4.5
-41.46,174.3,10,4.9
-41.585,174.343,12,4.4
-41.544,174.351,14.2,4.3
-41.654,174.304,13.1,4.5
-41.636,174.239,9.1,4.2
-41.594,174.314,20.8,4.6
-41.625,174.275,22.2,4
-41.726,174.237,10.7,4
-41.65,174.247,22.1,4.4
-41.648,174.295,16.8,4.5
-41.539,174.401,16.1,4.7
-41.702,174.386,10,4.2
-41.618,174.369,9.3,4.5
-41.589,174.274,5.1,4
-41.521,174.39,16.1,4.6
-41.67,174.184,5.1,4
-41.566,174.368,6.1,4.6
-41.554,174.323,19.9,4.4
-41.585,174.286,13.3,4.3
-41.631,174.308,15.2,4.1
-41.552,174.331,5.1,4.4
-41.515,174.434,7.7,4.6
-41.535,174.366,12.7,5.3
-41.704,174.337,17,6.5
-41.547,174.367,13.5,4.4
-41.544,174.372,15,4
-41.599,174.365,12.9,4.4
-42.138,173.984,34.1,4.6
-41.56,174.39,18,4.6
-41.621,174.348,12.9,4.5
-41.606,174.363,19.4,4.5
-41.563,174.378,10,4.1
-41.573,174.357,13.5,4.3
-41.638,174.386,14,5.9
-41.57,174.392,17.6,4.2
-41.536,174.43,15,4.4
-41.549,174.408,17.5,5.5
-38.331,175.915,230.2,4.4
-41.445,172.704,97.3,4
-39.848,176.73,30.8,4.8
-39.452,178.611,3.8,4
-39.706,174.357,114.3,4.3
-40.372,174.75,33.7,4
-42.612,173.16,28.8,4.3
-39.2,177.456,19.1,4.3
-35.224,178.887,119,4.7
-36.338,178.711,221.5,4.9
-39.199,175.215,5.1,3.7
-37.497,177.499,126.6,4.3
-38.346,176.113,206.3,4.1
-36.094,178.299,217.7,4.3
-38.999,176.003,77,4.7
-35.199,178.445,10,4.6
-35.1,178.4,9.8,4.1
-35.253,178.669,10,4.5
-37.388,176.29,198.9,4.1
-41.669,173.759,63.4,4.7
-38.597,175.68,247.7,4.2
-40.953,175.955,23.5,4.3
-35.509,178.958,91.9,4.3
-39.414,177.577,10,4.8
-41.92,174.01,2,4.3
-36.514,177.933,207.1,5.8
-37.21,-179.975,52.9,4.4
-37.611,176.518,244.1,4
-39.812,174.338,137.9,4.8
-39.261,175.6,112.9,4.5
-35.14,178.835,156.9,5.3
-39.31,173.69,11,4.6
-36.767,177.617,182.1,4.5
-38.834,176.226,118.5,4.5
-38.069,179.465,53.2,4.2
-38.428,176.067,163,6.3
-37.892,176.706,189.5,4.4
-39.07,176.72,72,4.6
-37.83,177.56,42,4.1
-37.895,177.733,74.9,4.9
-38.444,178.272,10,4.3
-38.646,178.537,10,4
-38.858,176.112,107.7,4.9
-38.639,176.167,110.5,5.6
-38.311,175.99,195.1,4.9
-42.364,174.105,19.9,4.8
-37.812,177.57,38.6,4.6
-41.419,175,26.4,4
-42.435,173.09,8.5,4
-36.932,176.345,192.1,4.1
-37.444,179.222,19.4,4.8
-37.552,-179.588,36.8,4.2
-37.468,-179.548,33,4
-37.309,178.167,33,4.5
-37.548,-179.589,33,4.2
-37.52,-179.462,33,4.4
-37.547,-179.492,33,4.4
-34.754,178.188,33,4.1
-37.592,-179.594,21.7,4
-37.547,-179.618,33,4.7
-37.624,-179.704,33,4.2
-37.551,-179.644,33,4.1
-37.632,-179.725,33,4
-37.571,-179.596,33,4.7
-37.6,-179.724,33,4.8
-37.764,177.582,44.4,4.5
-36.012,178.913,164.3,4.5
-37.877,-179.987,38.4,4.9
-38.034,-179.515,33,4.6
-38.116,176.01,209.2,4.2
-37.544,-179.578,33,4.5
-37.748,-179.937,12,4.1
-37.521,-179.576,33,4
-35.779,-179.752,35,5.1
-42.477,175.704,12,4.4
-37.561,-179.927,17,4.3
-35.822,-179.77,46.6,4.6
-36.075,-179.574,35,4
-35.997,-179.721,67.2,4.7
-37.201,176.888,229.3,4.1
-37.563,-179.628,33,4.5
-37.571,-179.665,33,4.1
-36.134,179.887,116.4,4.7
-37.584,-179.6,56.4,5.1
-37.613,-179.733,49.3,4.7
-36.562,176.499,236.3,4.2
-37.212,176.625,162.2,4
-37.038,176.738,289.3,4.3
-38.491,175.808,172,4.2
-36.754,176.862,183.1,4.1
-37.635,-179.703,50.1,4.2
-37.616,-179.802,33,4.4
-37.753,-179.973,12,4
-37.602,-179.745,33,4.2
-37.609,-179.696,32.6,4.4
-37.614,-179.735,30.1,4.1
-37.61,-179.723,32.5,4.7
-37.529,-179.691,45,4.4
-39.849,174.607,109.1,4.1
-37.631,-179.925,12,4.6
-40.498,176.144,27.7,4.9
-37.565,-179.733,27.4,4.4
-37.586,-179.831,12,4.4
-38.645,175.266,229.2,4
-37.776,179.91,4.6,5
-37.338,179.834,27.4,4.5
-37.614,-179.696,34,4.2
-37.577,-179.673,39.8,4.2
-38.95,174.952,235.8,4
-37.713,-179.968,11.8,5.6
-40.558,173.34,3,4.1
-36.728,176.359,274.6,4
-37.571,179.707,52.1,4.7
-36.945,177.339,142.8,4
-37.813,176.168,310.9,4.6
-41.493,172.408,5,3.9
-39.702,175.675,4.4,4.1
-37.56,177.192,101.5,4
-38.572,177.843,30.3,4.1
-38.524,176.973,61.4,4.7
-36.121,-179.6,36.8,4.7
-41.105,174.908,28.2,3.8
-37.427,177.445,4.9,4.1
-41.408,173.762,67.1,4.6
-39.068,175.807,90.8,5.3
-40.034,173.724,228.1,4.6
-40.023,173.756,229.8,6.3
-35.79,177.68,221.8,4.1
-36.589,179.853,33,4.1
-36.717,176.792,279.3,4.5
-39.637,174.113,208,4.1
-35.487,179.933,10,4.7
-37.016,177.515,143.2,4
-36.395,179.798,10,4.6
-38.028,176.38,163.9,4.5
-36.448,-179.92,89,4.3
-36.506,177.583,195.7,4.5
-36.618,178.802,77.9,4.3
-36.77,177.098,214.7,4.5
-41.511,173.359,73.8,3.8
-35.314,179.158,136.3,4.2
-36.382,177.946,159.5,4.3
-39.856,175.018,85.3,4.1
-38.453,175.821,180.8,4
-36.61,177.324,157.7,4.1
-37.183,178.847,17.8,4
-38.161,176.907,119.4,4.3
-36.245,-179.624,104.3,4.6
-37.234,176.828,172.3,4.4
-42.319,174.072,13.3,4.3
-40.135,174.96,21.5,3.9
-38.587,175.355,228.8,4.2
-41.379,174.686,30.8,4.1
-36.82,179.491,88.2,4.7
-37.401,176.179,286.3,4.2
-37.511,176.514,198.1,4
-38.029,176.518,158.7,4
-37.578,176.575,177,4.2
-38.584,177.858,25.4,3.8
-40.33,173.496,174.1,4.1
-37.562,176.547,176.4,4.1
-37.332,176.908,178.1,4.1
-38.727,176.301,81,4.3
-37.035,176.679,225.1,4
-38.556,175.805,150.1,5
-36.754,179.998,60.9,4.1
-35.778,178.555,195.3,4.1
-39.121,176.309,78.5,4.1
-41.636,171.578,3.9,3.8
-37.909,177.769,58.4,4.4
-38.48,176.208,104.7,4.7
-37.921,179.062,38.6,4.4
-41.488,174.993,43.5,3.8
-36.573,177.203,12,4.7
-37.067,176.917,233.2,4.1
-37.949,176.018,207.9,4.6
-38.008,176.02,201.4,4.4
-36.591,177.168,5,4
-36.553,177.192,5.9,4.1
-36.563,177.236,5,4.7
-36.568,177.224,2.7,4.8
-36.99,179.343,36.7,4.4
-37.031,176.376,272.3,4
-36.889,177.113,198.5,4.2
-40.931,175.416,16.9,4.9
-36.701,178.815,5,4.2
-36.628,179.02,31,4.2
-41.788,173.842,14.7,4
-38.165,175.868,189.3,4.3
-38.577,175.686,184.6,4.8
-36.102,177.705,205.1,4
-41.185,172.837,160.9,4.2
-37.469,178.785,33,4.2
-36.229,177.395,213.2,4
-39.989,174.672,114.1,4.7
-37.719,177.625,75.3,4.7
-37.158,176.885,233.7,4.5
-36.622,177.258,153.4,4
-40.622,176.198,19.3,4.1
-41.41,174.306,64.4,3.9
-38.6,176.475,98.9,4.9
-36.486,177.611,140.6,4.1
-35.528,178.797,226.4,4.8
-38.561,175.934,140.6,4
-40.2,176.403,48.1,4.4
-35.86,179.13,173.1,4.3
-40.73,174.655,87.3,4.6
-39.57,174.226,226.8,4.2
-36.256,178.677,106.1,4.5
-41.168,174.475,39.9,4
-40.468,173.338,187.8,4.7
-41.378,173.703,61.2,4.3
-36.196,179.644,111.7,4.5
-37.563,177.136,139,4.2
-40.191,173.516,181.8,4.1
-37.239,176.746,207.5,4.2
-39.795,176.552,28.5,3.8
-39.945,176.724,31.7,4.1
-39.976,175.035,104.2,4.3
-39.382,174.124,325.4,5
-37.255,176.437,318.2,4.2
-40.839,175.526,29.4,4.2
-35.738,178.325,199.1,4.3
-36.116,177.791,194.3,4
-37.029,176.987,203.6,4.3
-36.539,177.723,158.3,4.4
-38.709,-179.446,33,4.1
-37.431,177.471,117.1,4.6
-39.643,174.369,141.7,4
-35.777,178.34,220.9,4.5
-35.454,178.671,212.9,4
-37.426,176.567,223,4.4
-37.467,179.948,33,4.4
-38.938,174.966,249,4.4
-37.581,176.846,145.2,4.2
-37.722,176.331,259.1,4.1
-40.356,173.395,186.4,4.1
-40.167,173.508,219.8,4.8
-39.979,176.822,41.7,4.3
-35.814,178.206,221.6,4
-36.976,177.388,135.5,4.1
-35.31,178.396,215.3,4
-41.279,172.528,211.3,4.1
-40.82,177.823,33,4.3
-42.01,172.58,9,4.5
-38.51,176.159,112.8,4.6
-39.926,177.026,28.4,4.3
-35.782,178.391,132.8,4.2
-40.302,176.525,35,4.7
-36.573,177.217,273.2,5.2
-36.26,177.471,33,4.3
-36.88,177.817,130.5,4
-38.711,174.816,584.3,4.6
-36.664,176.765,205.5,4
-37.522,179.985,33,4
-38.239,176.018,174.1,4.2
-36.697,177.863,117.6,4.4
-41.374,174.164,37.5,3.8
-37.585,179.908,19.4,4.1
-37.518,-179.813,33,4.8
-39.534,174.192,32,4.1
-36.957,178.402,30.6,4.1
-38.654,175.274,210.5,4.1
-34.856,178.261,106.5,4.7
-37.63,179.91,27.5,4.6
-37.495,-179.88,61.3,4.2
-38.214,176.165,158.6,4.4
-41.254,173.648,96.1,4.2
-37.018,176.658,201.6,4
-39.102,174.817,202,4.1
-37.61,176.218,271.6,4.4
-37.256,-179.807,21.5,4
-35.131,178.341,284.5,4.8
-37.455,177.726,86.5,4.6
-37.388,179.866,12,4.5
-37.859,176.563,137.3,4.3
-37.989,176.598,142,4.2
-38.2,176.135,144.9,4
-37.616,175.902,248.2,4.3
-39.712,174.079,207.8,4.3
-41.152,174.743,34,4.1
-37.304,-179.947,33,4
-39.42,174.873,252.9,4
-37.897,176.387,167.3,4.1
-37.277,179.98,33,4.7
-38.654,175.691,157.7,4.4
-41.364,174.315,55.7,5.1
-37.424,179.989,34.7,4.1
-36.749,176.741,258.7,4
-37.375,-179.827,29.1,4.2
-37.328,179.593,1.2,4
-37.403,179.915,33,4.4
-37.21,179.309,35,4.3
-37.802,179.243,50.8,4.5
-36.773,176.848,278.6,4.4
-37.498,179.867,58.6,4.1
-38.909,177.165,39.9,4.2
-37.165,177.774,33,4.3
-37.531,179.733,12,5.1
-37.579,179.734,12,4.2
-36.901,179.127,10,4.5
-37.368,179.866,2.1,4.7
-37.431,179.786,12,4.1
-38.178,177.811,67.8,4
-37.95,-179.97,40.9,4.9
-37.57,179.636,14,4.2
-37.325,179.851,33,4.2
-37.129,179.716,35,4.2
-37.51,179.888,33,4.5
-37.367,179.793,4.9,4.2
-37.351,179.9,33,4.1
-37.313,179.957,33,4.3
-37.485,179.811,33,4.3
-37.371,179.794,9.1,4.5
-37.482,-179.943,33.5,4.3
-37.443,179.982,33,4.6
-37.335,179.873,33,4
-37.519,179.719,13.8,4.1
-37.83,179.659,56.4,4.6
-37.322,-179.766,26.9,4.2
-37.486,179.848,58.4,4.1
-37.481,179.92,49.9,4.3
-37.531,179.992,14.4,4.4
-37.388,179.913,33,4
-37.539,-179.954,66.4,4.5
-37.444,179.91,25.9,4.5
-37.464,179.976,33,4.4
-37.478,179.886,33,4.4
-37.563,179.775,11.4,4.1
-37.537,179.877,33,4.4
-37.806,179.418,12,5.8
-37.614,179.921,6.4,4.4
-37.279,179.873,33,4.7
-37.472,179.788,12,4.2
-37.488,179.907,33,4.3
-37.423,179.989,33,5.6
-37.553,179.906,33,4.2
-37.393,179.91,33,4.3
-37.445,179.8,12,4.1
-37.5,179.869,33,4.1
-37.577,179.707,14.5,4.4
-37.383,179.799,14.6,4
-37.445,179.756,14.4,4.3
-37.395,179.911,30.8,4.2
-37.429,179.963,41.3,5.2
-37.464,179.785,44.3,4.7
-37.136,177.38,136.8,4.3
-37.434,179.826,33,4.2
-38.924,177.961,27.2,4.3
-38.933,178.016,27,4.2
-38.98,178.117,25.4,4.5
-37.482,179.752,12,4.4
-37.483,179.794,12,4.2
-36.814,177.024,171.6,4
-38.717,175.267,205.3,4.3
-37.853,179.135,24.9,4.1
-38.593,175.787,154.3,4.1
-35.28,178.526,214.3,4.3
-37.411,178.516,50.9,4.8
-36.824,176.399,399.6,4.5
-39.286,174.532,264,4.1
-35.463,178.96,221.1,5.3
-41.628,174.285,16.7,3.9
-41.639,174.288,11.9,4.7
-37.815,176.645,5,4
-38.312,175.95,175.9,4.5
-37.442,-179.855,33,4
-38.929,175.651,108.3,5.2
-38.672,177.138,42.2,4.7
-41.316,172.391,5,4.5
-37.083,177.337,137.3,4.1
-37.35,177.73,50,4.5
-36.598,177.867,157,4.1
-38.939,178.061,42.7,4.4
-37.157,177.452,138.6,4.2
-35.889,178.92,115.3,4.6
-38.637,175.307,229.9,4
-36.414,177.363,11.9,4.6
-36.408,177.266,5,4.1
-39.318,178.017,43.3,4.2
-37.678,176.243,209.4,4.1
-38.038,176.012,181.7,4
-37.324,179.978,75.1,4.7
-37.806,177.582,41.8,4.5
-36.628,176.607,229.7,4.2
-35.799,179.961,114.9,4.1
-40.301,176.634,47.3,4.3
-37.513,176.318,312.5,4.6
-39.891,176.671,26.9,3.9
-38.477,178.784,25.2,4.2
-38.313,178.069,29.2,4.2
-35.195,179.065,246.1,4.2
-36.616,177.732,158.4,4.8
-37.419,179.975,21.3,4.1
-36.009,177.563,217,4.3
-41.132,174.693,53.6,4.3
-36.012,178.093,199.3,4
-37.493,176.531,178.6,4
-36.213,177.741,182.2,4
-38.231,176.012,180.5,4.1
-38.523,176.513,78.7,4.3
-37.38,176.852,171.5,4.2
-36.809,178.444,122.5,4.3
-38.296,178.849,33,4.1
-35.498,178.924,201.5,4.4
-37.497,179.769,33,5
-36.521,176.584,230.9,4.1
-34.835,178.29,283.5,4.1
-37.431,176.572,219,4.7
-37.829,176.625,2.4,4.2
-38.041,176.502,124.7,4.2
-37.366,177.97,64.5,4
-39.515,178.998,14.6,4
-37.937,176.566,151.1,4.6
-37.875,176.617,155,4.4
-35.824,178.494,213.3,4.5
-40.418,176.16,34.7,4.1
-38.062,177.728,40.7,4.1
-38.507,175.766,156.9,4.1
-38.97,178.086,41.4,3.8
-38.701,176.047,110.3,4.3
-37.456,177.751,90.8,4
-38.344,175.866,160.3,4.6
-36.941,-179.056,10,4.5
-38.277,175.835,196.6,4.8
-36.939,-179.264,33,4.1
-37.745,176.226,206.4,4.2
-39.359,174.277,271.3,4.2
-39.727,175.366,69.5,4.1
-40.306,174.156,124.1,4.7
-42.104,173.131,12,4.3
-35.292,177.808,307.8,4.2
-39.906,174.422,138.4,4
-37.565,176.424,209.2,4.2
-40.396,176.723,19.8,4.4
-35.908,178.05,37.4,4.3
-35.986,177.759,184.2,4.4
-37.985,177.145,71.6,4.2
-35.897,178.116,12,5.3
-37.517,176.552,290.9,4.1
-37.007,177.021,211.7,4.6
-36.539,179.372,164,4.7
-36.487,176.638,257.2,4.3
-41.367,173.555,70.9,3.9
-40.644,176.881,43.7,4
-38.674,175.75,152.3,5.5
-35.807,179.141,115.1,4
-40.668,176.85,33,4.2
-40.794,177.017,12,5.3
-40.778,176.99,17.9,4.4
-36.844,174.836,9,2.9
-37.523,-179.274,22.2,4.3
-40.969,176.526,25.7,3.9
-37.595,176.473,178.3,4.1
-37.241,176.765,214.2,4.7
-36.793,-178.944,33,4.4
-36.858,176.881,276.1,4
-34.764,175.246,421.1,4.5
-37.953,176.336,160.8,4
-36.908,178.142,181.5,4.7
-38.942,175.282,155.6,4
-38.206,175.814,173.5,4
-37.089,179.341,33,4.1
-42.307,173.151,12.2,4
-36.856,177.008,246.6,4.5
-38.33,175.813,201.6,4
-38.313,177.235,50.8,4.4
-37.912,177.567,50.5,4.4
-38.043,178.07,65.5,4.8
-40.317,173.403,202.4,4
-38.235,177.025,64,4.1
-37.39,176.528,214.3,4.7
-35.894,178.482,208.8,4.4
-37.833,176.669,159.9,4.4
-35.235,178.598,279.2,4.1
-35.872,178.111,188.2,4.1
-38.471,176.004,152.1,4.2
-38.617,176.224,2.4,4.7
-38.058,176.302,159.3,4
-40.423,175.095,28.3,3.9
-37.643,176.01,274.3,4
-40.612,175.142,42.1,4.2
-37.766,176.247,235,4.1
-38.9,174.962,227.3,4
-35.276,178.778,217.6,4.4
-37.197,179.738,5,4
-36.334,-179.489,10,5.3
-38.053,177.551,80.8,4.8
-38.174,176.036,174.3,4.3
-36.599,177.418,169.2,4.1
-38.302,178.099,19.4,4
-41.35,173.231,114.2,5
-36.384,178.568,174.4,4
-37.582,175.975,243.5,4
-35.463,178.884,232.1,4.1
-37.816,177.581,42.9,4.2
-34.828,178.423,283.5,4.1
-38.609,177.92,26.5,4.2
-37.695,177.233,122.2,4
-38.447,175.852,181.2,4.1
-40.143,176.978,21.6,4.8
-37.442,176.722,174.3,4.4
-40.695,174.233,72.9,4.3
-41.815,174.103,16.2,3.9
-35.406,179.049,237.6,4.4
-38.257,175.991,193.9,4.1
-36.582,177.278,268.1,4.8
-40.28,176.38,34,5.1
-36.819,177.393,169.8,4.5
-39.617,174.44,135.6,4.6
-42.244,177.644,10,4.7
-36.53,176.56,206,4.3
-39.87,176.92,38.8,4.5
-36.688,177.274,201.4,4.9
-37.265,177.767,45.2,4
-38.647,-179.687,34.3,4.6
-39.54,174.301,226.2,4
-37.462,176.419,284.6,4.3
-36.928,176.941,274.3,4.3
-37.607,177.281,144.6,4.1
-37.125,176.813,260.7,4.9
-38.084,178.239,62.6,5
-40.684,174.12,71.6,4.1
-35.443,177.588,316.2,4
-37.518,176.584,189.9,5
-37.002,176.932,250.4,4.2
-39.626,174.153,212.2,4.3
-38.951,176.199,79.9,4.1
-36.636,176.526,304,4
-38.778,175.914,122.2,4.6
-36.366,177.925,161.3,4
-36.547,177.73,154.9,4.3
-37.236,177.413,141.3,4.6
-36.652,177.275,182.3,4.1
-36.543,177.371,194.1,3.9
-37.229,177.577,117.1,4
-41.568,174.021,12,4.1
-42.362,173.897,12,4.8
-41.073,175.102,30.1,4.4
-39.149,174.893,215.5,4.2
-41.2,174.561,40.6,4.1
-37.277,177.741,33,4.3
-39.817,174.174,132.5,4.1
-37.994,176.45,169.3,4.4
-37.023,179.129,5,4.1
-38.563,175.303,266,4
-36.979,177.344,269.2,4.3
-38.133,176.322,159.9,4.2
-36.34,177.347,23.8,4.1
-37.311,175.885,221.5,4
-38.225,178.314,20.4,4.5
-41.01,174.784,35,3.8
-38.482,175.756,180.6,4.7
-41.38,174.638,22.8,3.9
-38.278,176.715,81.3,4.4
-37.415,177.581,99,4.1
-36.435,176.744,271,4.2
-37.542,179.347,21.2,4.1
-37.851,179.192,24.4,4
-37.491,179.409,17.8,4
-39.836,175.559,31.6,4.6
-38.843,175.125,241.8,4
-39.849,172.785,191,4.2
-37.877,175.895,258.4,4.2
-42.481,173.768,5,4
-36.929,178.424,28.6,4
-39.045,174.851,212,4.4
-38.911,178.015,28.5,4.1
-38.931,177.994,27.1,4.2
-38.934,178.061,25.6,4.2
-38.905,177.994,27,3.8
-38.502,175.996,158.1,5.6
-36.001,177.838,213.2,4.1
-38.841,175.262,202,4.1
-41.355,174.208,42.7,4.4
-40.135,176.287,35.1,4.1
-40.143,176.583,33,4.3
-38.119,176.183,150.5,5
-38.349,178.006,19.2,4.2
-36.945,179.859,60.2,4.8
-38.547,177.937,19.1,4
-36.92,179.46,35,5.5
-35.45,178.329,232.6,4
-38.933,177.333,35.8,4.6
-39.731,177.284,18.9,4.3
-41.286,172.594,216.9,4.4
-35.659,178.122,196.4,4.1
-35.738,178.514,228.3,4.4
-37.178,176.708,237.4,4.4
-35.336,178.129,231.1,4.3
-38.77,175.094,240.8,5.1
-38.845,176.021,101,4.2
-35.447,178.316,217.9,4.1
-41.224,175.237,28.8,3.8
-38.499,175.349,274.1,4.3
-37.756,176.728,6.9,4.4
-38.296,175.921,168.2,4
-36.489,177.339,204.9,4
-37.525,176.489,205.1,4.6
-37.009,-179.551,12,4.6
-36.83,177.1,229.7,5
-40.873,175.543,27.4,4.1
-37.393,177.892,55.3,4
-39.225,177.125,29.8,4.7
-35.391,178.906,221.4,4.2
-36.267,177.745,209.8,4
-39.538,174.329,228.5,4.3
-38.2,175.632,282.4,4.2
-37.775,176.182,229.2,4.7
-37.577,176.511,190.4,4.5
-37.216,-178.936,36.2,4
-38.671,-179.508,33,4.3
-40.907,175.582,28.9,4.2
-39.12,174.86,230,3.6
-38.633,175.52,171.8,4.2
-40.876,175.533,25.5,4.9
-39.132,174.767,222.7,4.4
-38.642,175.738,150.6,4
-37.265,176.208,251.5,4
-37.624,176.392,202.8,4.4
-40.08,175.818,59,4.2
-37.125,177.407,145.3,4.3
-35.57,178.882,211.8,4.7
-38.357,176.112,149.4,4.3
-41.087,175.101,29.8,4.2
-37.953,177.182,80.7,4
-38.309,176.269,118.9,4.2
-37.286,177.244,146.7,4
-40.661,175.385,43,4.2
-36.646,177.106,5,4
-36.921,-179.947,33,4.1
-38.887,175.861,4.5,4
-40.203,173.476,184.9,4.1
-39.146,175.829,121.1,4.4
-43.051,177.469,180.2,4
-37.942,176.673,138.1,4.2
-40.278,174.577,87.1,4.3
-38.527,177.933,22.2,4
-40.429,173.662,132.5,4.2
-40.235,175.032,12,4.2
-38.357,177.836,29.9,4
-35.093,178.871,255.5,4.4
-38.001,179.484,33,4
-38.37,177.85,31,4.4
-40.956,176.078,32.9,3.9
-37.211,179.54,16.2,4.1
-41.322,173.375,131.5,4.3
-39.536,177.103,31.2,4
-38.573,177.874,25.2,4.1
-40.424,176.286,35.5,3.8
-41.345,173.724,72.2,3.9
-37.711,176.307,202.5,4.1
-40.284,173.592,172.6,4.2
-38.835,175.891,126.5,4
-39.074,174.826,215.6,4
-39.151,177.368,29.3,4.1
-36.111,178.648,147.3,4.3
-37.894,176.149,185.4,4
-38.178,176.347,173.1,4.4
-39.68,174.171,203.1,4.9
-34.973,178.515,244.7,4
-36.74,177.221,281.5,5.4
-42.454,172.987,7.8,4.2
-37.028,177.387,142,4.8
-38.235,175.957,199.1,4.5
-42.486,173.759,9.7,0
-42.475,173.747,10.9,4.2
-40.298,174.438,95.6,4.2
-35.591,178.045,5,4.3
-40.446,176.805,26.6,4.7
-40.419,176.784,15.7,4.9
-36.685,179.954,33,4.1
-38.867,175.347,163.6,4.2
-40.479,176.866,12,4.3
-41.354,174.541,41,3.9
-40.433,176.818,21,5
-39.435,174.18,237.8,4.4
-36.355,177.623,242.6,4.6
-38.873,175.835,116.5,4.3
-40.019,172.999,52.8,4.2
-37.187,177.655,79.4,4
-36.162,177.96,205.3,4.3
-35.947,176.873,250.4,4.1
-41.157,173.966,61.9,4
-37.834,176.26,234.9,4.5
-36.722,177.955,130.9,4.1
-37.906,176.176,182.5,4.3
-40.108,174.9,30.4,4.7
-35.573,179.401,184.6,4.5
-35.729,178.323,204.8,4
-38.066,177.018,5,4.1
-36.435,178.76,133.8,4.2
-40.743,177.191,27.4,4.5
-37.966,176.02,203.6,4.1
-35.855,178.499,193,4.4
-40.576,175.697,42.1,4.3
-36.929,176.916,267.8,4.1
-37.14,177.174,12,4.3
-41.3,172.98,115.4,4.2
-35.588,178.033,247,4.4
-37.421,177.282,11.1,4.2
-38.454,175.873,164.9,4
-35.008,178.388,260.3,4.3
-36.687,177.546,170.7,4.5
-38.217,178.316,16.7,4.4
-38.94,177.378,36.8,3.9
-37.281,-179.371,98.2,4.2
-40.511,173.551,149,4.7
-37.231,178.544,46.6,4.2
-40.863,172.834,219.9,4.2
-37.133,176.695,332.7,4.1
-38.965,177.353,37.7,5.1
-40.401,175.906,30.9,4.3
-37.548,175.859,241.5,4.8
-35.109,178.585,205,4.2
-38.05,176.41,158.3,4.3
-36.854,177.058,265.1,4.9
-36.265,178.068,170.8,4.5
-41.562,174.262,19.3,4
-40.213,173.575,165.6,4.5
-35.034,178.383,247.2,4.7
-40.458,175.984,32.3,4
-36.942,177.878,50,4.2
-39.048,174.884,225.2,4.1
-38.932,178.538,26.6,4.2
-37.846,179.343,19.4,4.3
-42.476,173.329,53.2,4.3
-38.86,176.462,63.7,4.1
-38.566,175.784,153.6,4
-37.024,177.238,162.6,4
-37.038,177.683,114.4,4
-38.78,175.647,115.6,4.6
-37.853,176.952,5,3.7
-37.87,176.933,4.4,3.7
-37.878,176.965,5,4
-37.8,176.927,5,4.3
-34.991,178.883,142.9,5
-36.738,177.105,9.9,4.2
-36.616,177.068,5,4.6
-38.088,177.682,5,4
-36.633,177.074,12,4.5
-36.621,177.08,12,4
-36.656,177.101,5,4.8
-36.749,177.1,5,4.2
-36.744,177.103,5,4.3
-39.094,176.237,64.7,4.5
-40.771,173.904,113.1,4.4
-41.264,172.816,113.4,4.2
-36.407,178.243,139.6,4.5
-38.706,175.782,111.6,4
-36.623,177.09,5,4.2
-36.593,177.118,5,4.2
-35.713,179.407,92.3,4
-38.854,174.96,236.7,4.7
-38.558,178.54,33,4.6
-38.553,178.586,25,4.3
-38.505,178.678,33,4.6
-38.549,178.586,33,4.3
-36.037,178.038,95.3,4.4
-38.247,177.362,48.9,4
-38.81,178.43,33,3.8
-41.387,172.843,109.9,4
-36.337,177.308,274.7,4.4
-37.285,177.208,133.4,4.5
-35.262,178.958,276,4
-36.964,177.739,63.1,4
-36.852,177.28,162.5,4.1
-35.53,178.007,204.4,4.1
-36.65,176.715,268.3,4
-42.13,173.866,8.3,4
-42.122,173.846,14.6,4.5
-38.469,175.818,171.1,4
-36.545,177.205,207.4,4.5
-36.018,177.527,209.1,4.1
-39.227,174.612,203,4.6
-36.98,176.833,219.6,4.1
-37.99,176.592,138.7,4.5
-36.278,177.778,208.8,4.1
-37.547,176.602,179.4,4.7
-35.054,178.697,240.5,4.2
-40.174,173.778,170.3,5
-38.443,175.921,160,4.1
-36.249,178.739,157.1,4.1
-40.919,174.961,62.3,4.6
-42.089,172.83,108.3,4.7
-38.745,-179.567,33.8,4.3
-38.857,-179.695,33,5
-39.48,177.275,29.9,4.3
-37.055,178.206,84.4,4.1
-36.246,178.607,113.8,4.5
-40.264,173.449,218.1,4.1
-38.251,175.804,206.9,4.1
-39.178,175.158,125.3,4.7
-36.553,178.611,174.8,4.7
-37.165,176.892,259.8,4.7
-39.05,174.852,227.9,5.1
-36.814,177.224,228.4,4.8
-38.969,179.86,32.3,4.2
-36.105,177.969,216,4.7
-37.804,176.551,154.2,4
-41.119,174.739,33.7,3.8
-40.126,174.909,21.6,3.9
-36.984,178.443,75.3,4.3
-39.071,174.928,227.5,4
-36.587,177.313,196.4,4.1
-35.029,178.29,265.8,4.1
-37.643,177.34,119.7,4.7
-38.37,176.04,173.4,4
-36.287,179.97,33,4.1
-37.455,176.462,224.6,4.1
-40.564,174.859,48.5,4.2
-37.409,177.264,128.1,4
-38.776,175.701,119.1,4
-37.328,178.968,18,4
-40.555,174.833,44.5,4.1
-40.561,174.849,46.1,4.5
-36.06,178.158,185.8,4.4
-40.807,172.897,212.5,4
-40.047,176.492,73.2,4.7
-38.992,176.23,81,4.2
-37.117,176.53,212.1,4
-40.416,175.605,41,4.3
-40.42,175.595,40.1,4.6
-35.266,178.423,166.3,4
-36.561,178.59,82.2,4.3
-36.275,177.864,211,4.3
-38.566,175.649,169.9,4
-38.048,-179.957,33,4.1
-42.044,172.764,89.8,4.5
-42.204,172.643,2,4.3
-38.242,175.751,182,4
-38.263,175.908,160.5,4
-40.945,175.519,26.5,3.8
-38.468,175.875,162,4.6
-38.711,176.81,63.6,3.9
-37.41,177.353,132.9,4.2
-39.629,175.997,47.1,4.7
-39.731,176.845,58,4.2
-36.105,178.566,136.8,4.2
-41.169,174.614,42,4.5
-40.956,176.272,32.3,4.3
-35.767,178.104,202.8,4.4
-41.311,174.546,33,3.6
-40.719,174.362,65.4,4.1
-38.442,175.68,194.3,4
-37.159,176.706,281,4.2
-37.336,177.427,130.9,4.1
-41.451,174.71,32.9,4.3
-41.438,174.722,33.7,4.5
-40.439,176.529,36,4.5
-37.529,-179.25,33,4.4
-36.239,179.217,97.7,5.2
-35.061,177.895,270.7,4.1
-37.763,176.033,298.6,0
-37.87,176.236,148.4,3.6
-40.103,174.948,12,3.9
-38.845,175.128,212.2,4.2
-39.176,173.528,12,3.5
-37.322,178.901,23.1,4.4
-38.601,175.54,180.2,4
-40.781,174.413,50.3,4.3
-41.805,174.347,29.1,4.2
-36.458,177.906,80.9,4.1
-36.757,178.77,33,4.9
-36.539,-179.416,35,4.7
-39.976,176.85,47.8,4.3
-37.029,177.589,208.3,4.1
-39.954,177.097,26.6,3.9
-40.177,173.602,162.8,5.4
-37.801,176.731,161,4.3
-36.902,178.255,89.1,5
-38.133,176.158,160.3,4
-36.806,177.452,5,4.3
-37.424,176.76,240.9,4.6
-41.576,172.988,91.5,4.3
-41.551,172.995,92.2,4.2
-38.63,175.816,168.7,4.3
-36.319,177.983,180.9,4.2
-42.695,173.454,33,3.7
-38.921,175.74,3.2,4.4
-38.96,175.738,2.7,4
-39.791,176.885,28,3.7
-38.963,175.74,3.3,3.5
-35.801,179.771,34.3,4.3
-38.138,176.2,166.1,4.1
-37.768,177.218,77.7,4.5
-36.974,178.461,100.1,4.4
-41.047,174.561,42.1,3.9
-41.076,174.592,44.1,4.3
